{
  "timestamp": "2025-08-27T14:07:19.995029",
  "total_puzzles": 10,
  "total_solved": 0,
  "success_rate": 0.0,
  "total_time_seconds": 0.0041179656982421875,
  "solving_strategies": {
    "real_solver": 0,
    "multi_agent": 0,
    "pattern_learning": 0
  },
  "average_time_per_puzzle": 0.00041179656982421876
}